Div,Dept,Sustainability-Inclusive Author Count,SDG-Related Author Count,Not-Related Author Count,Sustainability-Focused Author Count,Division Name Correction,Department Name Correction,Dept Classification,True Department? Only right dept (wrong name not included),Notes,Need Help,Notes
Alfred E. Mann School of Pharmacy and Pharmaceutical Sciences,Clinical and Experimental Therapeutics,0,2,0,0,,Titus Family Department of Clinical Pharmacy,Academic,no,https://mann.usc.edu,,
Alfred E. Mann School of Pharmacy and Pharmaceutical Sciences,D. K. Kim International Center for Regulatory Science,3,2,1,0,,Regulatory and Quality Sciences,Academic,no,https://mann.usc.edu,,
Alfred E. Mann School of Pharmacy and Pharmaceutical Sciences,Healthcare Decision Analysis,0,1,1,0,,Pharmaceutical and Health Economics,Academic,no,https://mann.usc.edu,,
Alfred E. Mann School of Pharmacy and Pharmaceutical Sciences,International Travel Medicine Clinic,1,2,0,0,,Other,Academic,no,https://mann.usc.edu,,
Alfred E. Mann School of Pharmacy and Pharmaceutical Sciences,Management of Drug Development,0,1,0,0,,Regulatory and Quality Sciences,Academic,no,https://mann.usc.edu,,
Alfred E. Mann School of Pharmacy and Pharmaceutical Sciences,Mass Spectrometry Core,2,2,2,0,,Other,Academic and Administrative,no,https://mann.usc.edu,,
Alfred E. Mann School of Pharmacy and Pharmaceutical Sciences,Medicinal Chemistry Core,0,3,1,0,,Other,Academic and Administrative,no,https://mann.usc.edu,,
Alfred E. Mann School of Pharmacy and Pharmaceutical Sciences,Other,38,42,3,0,,,Academic and Administrative,no,,,
Alfred E. Mann School of Pharmacy and Pharmaceutical Sciences,Pharmaceutical Economics and Policy,0,1,0,0,,Pharmaceutical and Health Economics,Academic,no,https://mann.usc.edu,,
Alfred E. Mann School of Pharmacy and Pharmaceutical Sciences,Pharmaceutical and Health Economics,28,31,3,0,,,Academic,yes,https://mann.usc.edu,,
Alfred E. Mann School of Pharmacy and Pharmaceutical Sciences,Pharmaceutical and Translational Sciences Program,1,1,0,0,,Pharmacology and Pharmaceutical Sciences,Academic,no,https://mann.usc.edu,,
Alfred E. Mann School of Pharmacy and Pharmaceutical Sciences,Pharmacy,0,1,0,0,,Pharmacology and Pharmaceutical Sciences,Academic,no,https://mann.usc.edu,,
Alfred E. Mann School of Pharmacy and Pharmaceutical Sciences,Regulatory and Quality Sciences,6,8,2,0,,,Academic,yes,https://mann.usc.edu,,
Alfred E. Mann School of Pharmacy and Pharmaceutical Sciences,Southern California Clinical and Translational Science Institute (SC CTSI),31,26,7,0,,,Academic,no,https://mann.usc.edu,,
Alfred E. Mann School of Pharmacy and Pharmaceutical Sciences,Teaching and Research Assistants,0,1,0,0,,Other,Academic and Administrative,no,,,
Alfred E. Mann School of Pharmacy and Pharmaceutical Sciences,Titus Family Department of Clinical Pharmacy,73,108,24,1,,,Academic,yes,https://mann.usc.edu,,
Alfred E. Mann School of Pharmacy and Pharmaceutical Sciences,Ginsburg Institute for Biomedical Therapeutics,11,34,15,2,,,Academic,no,https://mann.usc.edu,,
Alfred E. Mann School of Pharmacy and Pharmaceutical Sciences,Leonard D. Schaeffer Center for Health Policy and Economics,0,88,20,2,,Pharmaceutical and Health Economics,Academic,no,https://mann.usc.edu,,
Alfred E. Mann School of Pharmacy and Pharmaceutical Sciences,Pharmacology and Pharmaceutical Sciences,64,188,69,7,,,Academic,yes,https://mann.usc.edu,,
Annenberg School for Communication and Journalism,Center for the Digital Future,0,1,0,0,,,Academic,no,https://www.digitalcenter.org/about/,,
Norman Lear Center,Center on Public Diplomacy,0,3,1,0,,,Academic,no,https://uscpublicdiplomacy.org/about/meet_cpd_team,,
Annenberg School for Communication and Journalism,Norman Lear Center,1,4,4,0,,,Academic,no,https://learcenter.org/,,
Annenberg School for Communication and Journalism,School of Communication,26,29,25,0,,,Academic,yes,https://annenberg.usc.edu/,,
Annenberg School for Communication and Journalism,Center for Public Relations,2,1,1,1,,,Academic,no,https://annenberg.usc.edu/research/center-public-relations,,
Annenberg School for Communication and Journalism,School of Journalism,6,5,7,1,,,Academic,yes,https://annenberg.usc.edu/,,
Annenberg School for Communication and Journalism,Other,49,59,49,3,,,Academic and Administrative,no,,,
Dornsife College of Letters Arts and Sciences,American Language Institute,2,0,1,0,,,Academic and Administrative,no,https://ali.usc.edu/,,
Dornsife College of Letters Arts and Sciences,Art History,0,5,10,0,,,Academic,yes,,,
Dornsife College of Letters Arts and Sciences,Casden Institute for the Study of the Jewish Role in American Life,0,0,1,0,,Jewish Studies,Academic,no,https://dornsife.usc.edu/casden-institute/,,
Dornsife College of Letters Arts and Sciences,Center for Advanced Genocide Research,0,1,0,0,,,Academic,no,https://dornsife.usc.edu/cagr/,,
Dornsife College of Letters Arts and Sciences,Center for Applied Mathematical Sciences,0,7,2,0,,Mathematics,Academic,no,https://dornsife.usc.edu/cams/,,
Dornsife College of Letters Arts and Sciences,Center for Dark Energy Biosphere Investigations (C-DEBI),7,1,2,0,,,Academic,no,https://www.darkenergybiosphere.org/,,
Dornsife College of Letters Arts and Sciences,Center for Quantum Information Science and Technology (CQIST),4,7,34,0,,,Academic,no,https://sites.usc.edu/cqist/,,
Dornsife College of Letters Arts and Sciences,Center for Religion and Civic Culture,2,3,2,0,,Religion,Academic,no,https://crcc.usc.edu/,,
Dornsife College of Letters Arts and Sciences,Center of Excellence in NanoBiophysics,1,2,1,0,,,Academic,no,https://dornsife.usc.edu/nanobiophysicscore/,,
Dornsife College of Letters Arts and Sciences,Center on Public Diplomacy,0,3,1,0,Annenberg School for Communication and Journalism,,Academic,no,https://uscpublicdiplomacy.org/,,
Dornsife College of Letters Arts and Sciences,Classics,0,5,7,0,,,Academic,yes,,,
Dornsife College of Letters Arts and Sciences,Cognitive Science,1,0,0,0,,Psychology,Academic,no,,,
Dornsife College of Letters Arts and Sciences,Comparative Literature,0,0,3,0,,,Academic,yes,,,
Dornsife College of Letters Arts and Sciences,Comparative Studies in Literature and Culture,2,0,2,0,,Comparative Literature,Academic,no,,,
Dornsife College of Letters Arts and Sciences,Convergent Science Institute in Cancer,15,53,3,0,,,Academic,no,https://dornsife.usc.edu/kuhn/,,
Dornsife College of Letters Arts and Sciences,Data Science,1,0,0,0,Viterbi School of Engineering,,Academic,yes,,,
Dornsife College of Letters Arts and Sciences,Dornsife Imaging Center,0,1,0,0,,,Academic,no,https://dornsife.usc.edu/brainimaging/,,
Dornsife College of Letters Arts and Sciences,Dornsife/Viterbi Machine Shop,0,1,0,0,,Other,Academic and Administrative,no,https://viterbischool.usc.edu/research/research-resources-and-programs/shared-research-infrastructure/viterbi-dornsife-machine-shop/,,
Dornsife College of Letters Arts and Sciences,East Asian Languages and Cultures,4,4,4,0,,,Academic,yes,,,
Dornsife College of Letters Arts and Sciences,East Asian Studies Center,0,1,1,0,,,Academic,yes,,,
Dornsife College of Letters Arts and Sciences,English,2,4,14,0,,,Academic,yes,,,
Dornsife College of Letters Arts and Sciences,French and Italian,3,3,3,0,,,Academic,yes,,,
Dornsife College of Letters Arts and Sciences,Gender and Sexuality Studies,6,1,2,0,,,Academic,yes,,,
Dornsife College of Letters Arts and Sciences,Institute for Economic Policy Research,1,1,1,0,,Economics,Academic,no,,,
Dornsife College of Letters Arts and Sciences,Joint Educational Project,1,0,0,0,,,Academic and Administrative,no,https://dornsife.usc.edu/joint-educational-project/,,
Dornsife College of Letters Arts and Sciences,Latin American and Iberian Cultures,2,1,8,0,,,Academic,yes,,,
Dornsife College of Letters Arts and Sciences,Latinx and Latin American Studies Center,0,0,1,0,,,Academic,no,https://dornsife.usc.edu/latinx/,,
Dornsife College of Letters Arts and Sciences,Linguistics,5,12,36,0,,,Academic,yes,,,
Dornsife College of Letters Arts and Sciences,"Max Kade Institute for Austrian, Swiss and German Studies",0,1,1,0,,,Academic,no,https://dornsife.usc.edu/max-kade/,,
Dornsife College of Letters Arts and Sciences,Middle East Studies,0,2,1,0,,,Academic,yes,,,
Dornsife College of Letters Arts and Sciences,Mind and Society Center,4,5,6,0,,,Academic,no,https://dornsife.usc.edu/mindandsociety/,,
Dornsife College of Letters Arts and Sciences,Philip K. Wrigley Marine Science Center,2,0,0,0,,,Academic,no,https://dornsife.usc.edu/wrigley/research/wrigley-marine-science-center-wmsc/,,
Dornsife College of Letters Arts and Sciences,Philosophy,3,7,36,0,,,Academic,yes,,,
Dornsife College of Letters Arts and Sciences,Postbaccalaureate Premedical Program,1,1,0,0,,Other,Academic,no,https://dornsife.usc.edu/postbaccalaureate-premedical-program/,,
Dornsife College of Letters Arts and Sciences,Religion,3,5,7,0,,,Academic,yes,,,
Dornsife College of Letters Arts and Sciences,Science and Technology Studies,2,1,0,0,,"Center on Science, Technology and the Public Life",Academic,no,https://dornsife.usc.edu/stpl/,,
Dornsife College of Letters Arts and Sciences,Slavic Languages and Literatures,1,2,7,0,,,Academic,yes,,,
Dornsife College of Letters Arts and Sciences,Space Science Center,0,0,1,0,,Physics and Astronomy,Academic,no,,,
Dornsife College of Letters Arts and Sciences,Thematic Option Program,0,2,2,0,,Other,Academic and Administrative,no,https://dornsife.usc.edu/thematic-option/,,
Dornsife College of Letters Arts and Sciences,Translational Imaging Center,5,11,18,0,,Biological Sciences,Academic,no,,,
Dornsife College of Letters Arts and Sciences,Visual Studies Research Institute,0,0,1,0,,,Academic,no,"Professor of Art History, History, and Critical Studies",,
Dornsife College of Letters Arts and Sciences,Writing Program,0,0,6,0,,,Academic,yes,,,
Dornsife College of Letters Arts and Sciences,American Studies and Ethnicity,11,13,8,1,,,Academic,yes,,,
Dornsife College of Letters Arts and Sciences,Brain and Creativity Institute,33,51,34,1,,,Academic,no,https://dornsife.usc.edu/bci/,,
Dornsife College of Letters Arts and Sciences,Bridge Institute,16,55,37,1,,,Academic,no,https://dornsife.usc.edu/bridge-institute/,,
Dornsife College of Letters Arts and Sciences,"Center on Science, Technology and the Public Life",0,1,1,1,,,Academic,no,https://dornsife.usc.edu/stpl/,,
Dornsife College of Letters Arts and Sciences,Core Center of Excellence in Nano Imaging (CNI),1,13,16,1,,,Academic,no,https://cni.usc.edu/,,
Dornsife College of Letters Arts and Sciences,History,8,8,14,1,,,Academic,yes,,,
Dornsife College of Letters Arts and Sciences,Humanities in a Digital World,0,1,1,1,,,Academic,no,https://dornsife.usc.edu/digitalhumanities/,,
Dornsife College of Letters Arts and Sciences,Huntington-USC Institute on California and the West,1,1,0,1,,,Academic,no,https://dornsife.usc.edu/icw/,,
Dornsife College of Letters Arts and Sciences,Korean Studies Institute,0,1,0,1,,,Academic,no,https://dornsife.usc.edu/ksi/,,
Dornsife College of Letters Arts and Sciences,Molecular Biology,0,0,0,1,,Biological Sciences,Academic,no,,,
Dornsife College of Letters Arts and Sciences,Other,20,16,6,1,,,Academic and Administrative,no,,,
Dornsife College of Letters Arts and Sciences,Public Exchange,1,0,0,1,,,Administrative,no,https://publicexchange.usc.edu/,,
Dornsife College of Letters Arts and Sciences,Sea Grant Program,0,0,0,1,,,Academic,no,https://dornsife.usc.edu/uscseagrant/,,
Dornsife College of Letters Arts and Sciences,Society of Fellows in the Humanities,0,0,4,1,,,Academic,no,https://sofh.usc.edu/,,
Dornsife College of Letters Arts and Sciences,Equity Research Institute (formerly PERE/CSII),4,3,1,2,,,Academic,no,https://dornsife.usc.edu/eri/research/immigrant-inclusion-and-racial-justice-research/,,
Dornsife College of Letters Arts and Sciences,International Relations,12,14,11,2,,Political Science and International Relations,Academic,no,,,
Dornsife College of Letters Arts and Sciences,Mathematics,8,33,108,2,,,Academic,yes,,,
Dornsife College of Letters Arts and Sciences,Sociology,46,24,18,2,,,Academic,yes,,,
Dornsife College of Letters Arts and Sciences,Political Science,23,30,18,3,,Political Science and International Relations,Academic,no,,,
Dornsife College of Letters Arts and Sciences,Political Science and International Relations,20,25,15,3,,,Academic,yes,,,
Dornsife College of Letters Arts and Sciences,Southern California Earthquake Center,1,12,14,3,,,Academic and Administrative,no,http://scecinfo.usc.edu/index.shtml,,
Dornsife College of Letters Arts and Sciences,Neuroscience,57,121,84,5,,,Academic,yes,,,
Dornsife College of Letters Arts and Sciences,Anthropology,8,10,13,6,,,Academic,yes,,,
Dornsife College of Letters Arts and Sciences,Center for Economic and Social Research,71,71,36,7,,,Academic,no,https://dornsife.usc.edu/cesr/,,
Dornsife College of Letters Arts and Sciences,Environmental Studies Program,6,3,3,8,,Environmental Studies,Academic,no,,,
Dornsife College of Letters Arts and Sciences,Economics,54,59,54,10,,,Academic,yes,,,
Dornsife College of Letters Arts and Sciences,Quantitative and Computational Biology,29,79,92,10,,,Academic,yes,,,
Dornsife College of Letters Arts and Sciences,Psychology,164,220,150,11,,,Academic,yes,,,
Dornsife College of Letters Arts and Sciences,Wrigley Institute for Environmental Studies,5,11,15,11,,Environmental Studies,Academic,no,https://dornsife.usc.edu/wrigley/,,
Dornsife College of Letters Arts and Sciences,Loker Hydrocarbon Research Institute,14,51,75,26,,Chemistry,Academic,no,https://dornsife.usc.edu/loker-hydrocarbon-research-institute/,,
Dornsife College of Letters Arts and Sciences,Physics and Astronomy,11,102,234,33,,,Academic,yes,,,
Dornsife College of Letters Arts and Sciences,Spatial Sciences Institute,45,36,21,37,,,Academic,yes,,,
Dornsife College of Letters Arts and Sciences,Chemistry,45,283,420,42,,,Academic,yes,,,
Dornsife College of Letters Arts and Sciences,Earth Sciences,106,104,78,61,,,Academic,yes,,,
Dornsife College of Letters Arts and Sciences,Biological Sciences,231,455,341,100,,,Academic,yes,,,
Elaine and Kenneth Leventhal School of Accounting,Business Taxation - Working Professionals,0,1,1,NA,Marshall School of Business,Leventhal School of Accounting,Academic,no,,,
Ellison Institute for Transformative Medicine,Ellison Institute for Transformative Medicine,20,54,6,0,,,Academic,no,http://eitm.org/,,
Gould School of Law,Law Immigration Clinic,1,0,0,0,,,Academic,no,https://uscimmigrationclinic.org/,,
Gould School of Law,Pacific Center for Health Policy and Ethics,1,1,1,0,,,Academic,no,https://departmentsdirectory.usc.edu/pacific-center-for-health-policy-and-ethics/,,
Gould School of Law,"Saks Institute for Mental Health Law, Policy, and Ethics",1,1,0,0,,,Academic,no,https://gould.usc.edu/faculty/centers/saks/,,
Gould School of Law,Law,26,34,33,3,,Other,Academic,no,,,
Herman Ostrow School of Dentistry of USC,Biomedical Implants and Tissue Engineering,0,1,0,0,,Other,Academic,no,https://dentistry.usc.edu/admission/biomedical-implants-and-tissue-engineering-ms/,,
Herman Ostrow School of Dentistry of USC,Biomedical Sciences,21,27,25,0,Keck Medicine of USC,,Academic,no,https://keck.usc.edu/pibbs/,,
Herman Ostrow School of Dentistry of USC,Center for Craniofacial Molecular Biology,15,77,51,0,,,Academic,no,https://ccmb.usc.edu/,,
Herman Ostrow School of Dentistry of USC,Comprehensive Care,0,1,0,0,,,Academic,yes,,,
Herman Ostrow School of Dentistry of USC,Dental Clinic,7,1,0,0,,Other,Academic and Administrative,no,https://dentistry.usc.edu/patient-care/dental-care-services/,,
Herman Ostrow School of Dentistry of USC,Dental Surgery,0,1,0,0,,Other,Academic and Administrative,no,https://dentistry.usc.edu/admission/doctor-of-dental-surgery-dds/,,
Herman Ostrow School of Dentistry of USC,Endodontics,1,5,3,0,,Endodontics and Periodontics Department,Academic,no,,,
Herman Ostrow School of Dentistry of USC,Endodontics and Orthodontics,0,5,4,0,,Endodontics and Periodontics Department,Academic,no,,,
Herman Ostrow School of Dentistry of USC,Geriatric Dentristry,3,0,0,0,,"Geriatrics, Special Needs and Behavioral Sciences",Academic,no,,,
Herman Ostrow School of Dentistry of USC,"Geriatrics, Special Needs and Behavioral Sciences",3,2,1,0,,,Academic,yes,,,
Herman Ostrow School of Dentistry of USC,Operative Dentistry,0,3,2,0,,,Academic,yes,,,
Herman Ostrow School of Dentistry of USC,Oral and Maxillofacial Surgery,13,15,8,0,,,Academic and Administrative,no,https://dentistry.usc.edu/oral-maxillofacial-surgery-faculty-residents/,,
Herman Ostrow School of Dentistry of USC,Orofacial Pain and Oral Medicine,0,6,1,0,,,Academic,no,https://ofpomcenter.usc.edu/,,
Herman Ostrow School of Dentistry of USC,Orthodontics,1,8,4,0,,Pediatric Dentistry and Orthodontics Department,Academic,no,,,
Herman Ostrow School of Dentistry of USC,Other,13,30,2,0,,,Academic and Administrative,no,https://dentistry.usc.edu/faculty-department/comprehensive-care/,,
Herman Ostrow School of Dentistry of USC,Pediatric Dentistry,5,3,1,0,,Pediatric Dentistry and Orthodontics Department,Academic,no,,,
Herman Ostrow School of Dentistry of USC,Post Graduate Education Certificate Programs,0,3,0,0,,Other,Academic,no,,,
Herman Ostrow School of Dentistry of USC,Prosthodontics,0,1,0,0,,,Academic,yes,,,
Herman Ostrow School of Dentistry of USC,Restorative Sciences,2,16,7,0,,Other,Academic,no,https://departmentsdirectory.usc.edu/division-of-restorative-sciences/,,
Herman Ostrow School of Dentistry of USC,Section of Infection and Immunity,2,23,2,0,,,Academic,no,https://iai.usc.edu/about-us/,,
Herman Ostrow School of Dentistry of USC,Transportation Systems Management,0,1,0,0,Viterbi School of Engineering,Civil and Environmental Engineering,Academic,no,https://cee.usc.edu/academics/masters-degree/ms-transportation-systems-management/,,
Herman Ostrow School of Dentistry of USC,Urban Studies and Planning,0,1,0,0,Price School of Public Policy,Urban Planning and Spatial Analysis,Academic,no,,,
Herman Ostrow School of Dentistry of USC,Periodontology and Diagnostic Sciences,3,6,4,1,,"Periodontology, Diagnostic Sciences and Dental Hygiene",Academic,no,https://departmentsdirectory.usc.edu/division-of-periodontology-diagnostic-sciences-and-dental-hygiene/,,
Herman Ostrow School of Dentistry of USC,"Periodontology, Diagnostic Sciences and Dental Hygiene",2,9,1,1,,,Academic,no,https://dentistry.usc.edu/research/faculty-2/,,
Herman Ostrow School of Dentistry of USC,Chan Division of Occupational Science and Occupational Therapy,91,110,34,2,,,Academic,yes,https://chan.usc.edu/,,
Herman Ostrow School of Dentistry of USC,Division of Biokinesiology and Physical Therapy,46,130,70,3,,,Academic,yes,https://pt.usc.edu/,,
"Human Resources, Equity and Compliance",WorkWell Center,1,1,1,0,,,Academic and Administrative,no,https://workwell.usc.edu/,,
Institute on Inequalities in Global Health,Institute on Inequalities in Global Health,7,4,2,2,,,Academic,no,https://globalhealth.usc.edu/,,
Iovine and Young Academy,"Arts, Technology and the Business of Innovation",1,0,0,0,,Other,Academic,no,https://iovine-young.usc.edu/learn/undergraduate/bs-arts-technology-and-the-business-of-innovation,,
Iovine and Young Academy,Iovine/Young Operating,0,0,1,0,,Other,Administrative,no,https://iovine-young.usc.edu/,,
Keck Medicine of USC,Adolescent Trauma Training Center,1,0,0,0,,,Academic,no,https://keck2.usc.edu/adolescent-trauma-training-center/,,
Keck Medicine of USC,Alzheimer's Therapeutic Research Institute,31,43,1,0,,,Academic,no,https://atri.usc.edu/,,
Keck Medicine of USC,Center for Health Equity in the Americas,1,1,1,0,,,Academic,no,https://healthequityamericas.usc.edu/,,
Keck Medicine of USC,Center for Integrative Connectomics,7,7,8,0,,,Academic,no,https://cic.ini.usc.edu/,,
Keck Medicine of USC,Health Promotion and Disease Prevention Studies,0,2,2,0,,Other,Academic,no,https://catalogue.usc.edu/preview_program.php?catoid=18&poid=25576,,
Keck Medicine of USC,Health Systems Operations,0,1,0,0,,Other,Academic,no,,,
Keck Medicine of USC,Imaging Genetics Center,68,94,11,0,,,Academic,no,https://igc.ini.usc.edu/,,
Keck Medicine of USC,Institute of Translational Genomics at Keck Medicine of USC,3,4,0,0,,Translational Genomics,Academic,no,,,
Keck Medicine of USC,Keck Hospital of USC,14,6,1,0,,,Academic and Administrative,no,https://www.keckmedicine.org/about/keck-hospital-of-usc/,,
Keck Medicine of USC,Keck Medicine of USC - Cedars-Sinai Medical Center,23,37,14,0,,,Academic,no,https://www.cedars-sinai.org/locations/cedars-sinai-main-campus-89.html,,
Keck Medicine of USC,Keck-Rancho Los Amigos National Rehabilitation Center,30,39,17,0,Chan Division of Occupational Science and Occupational Therapy,,Academic,no,https://chan.usc.edu/education/post-professional-otd/residencies/rancho,,
Keck Medicine of USC,Mark and Mary Stevens Neuroimaging and Informatics Institute (INI),182,238,100,0,,Physiology and Neuroscience,Academic,no,https://www.ini.usc.edu/about,,
Keck Medicine of USC,Master of Science in Global Medicine,1,0,0,0,,Population Public Health Sciences,Academic,no,,,
Keck Medicine of USC,Medicine/Business Administration,1,2,0,0,,Other,Academic,no,?,,
Keck Medicine of USC,Medicine/Public Health,4,3,0,0,,Population Public Health Sciences,Academic,no,,,
Keck Medicine of USC,Memory and Aging Center,1,3,0,0,,Alzheimer Disease Research Center,Academic,no,https://www.keckmedicine.org/centers-and-programs/memory-and-aging/,,
Keck Medicine of USC,Neurosurgery,0,4,1,0,,Neurological Surgery,Academic,yes,,,
Keck Medicine of USC,Office of Educational Affiars,1,0,0,0,Other,Other,Administrative,no,https://keck.usc.edu/md-program/student-affairs/,,
Keck Medicine of USC,Orthopaedic Surgery,117,277,107,0,,,Academic,yes,,,
Keck Medicine of USC,Patient and Family Experience Office,1,0,0,0,Keck Medicine of USC,Other,Administrative,no,https://www.keckmedicine.org/services/cancer/cancer-inpatient-services/,,
Keck Medicine of USC,Pediatrics LA General,0,1,0,0,,Pediatrics,Academic and Administrative,no,https://keck.usc.edu/pediatrics/,,
Keck Medicine of USC,Pediatrics LA General - Maternal Child Program,3,1,0,0,,Pediatrics,Academic and Administrative,no,,,
Keck Medicine of USC,Programs in Biomedical and Biological Sciences,0,3,0,0,,Other,Academic,no,https://keck.usc.edu/pibbs/,,
Keck Medicine of USC,Radiation Oncology,53,75,11,0,,,Academic,yes,,,
Keck Medicine of USC,Research Center for Alcoholic Liver and Pancreatic Diseases and Cirrhosis,21,28,1,0,,Research Center for ALPD and Cirrhosis,Academic,no,https://keck.usc.edu/alpd-and-cirrhosis-research-center/,,
Keck Medicine of USC,Southern California Clinical and Translational Science Institute (SC CTSI),31,26,7,0,,,Academic,no,https://sc-ctsi.org/,,
Keck Medicine of USC,Southern California Evidence Review Center,12,16,4,0,,,Academic,no,https://sites.usc.edu/socalevidencereview/,,
Keck Medicine of USC,Student Health,3,2,0,0,,,Administrative,no,,,
Keck Medicine of USC,Translational Genomics,28,43,7,0,,,Academic,yes,,,
Keck Medicine of USC,USC Verdugo Hills Hospital,0,1,0,0,,,Administrative,no,https://www.keckmedicine.org/locations/1812-verdugo-blvd-glendale/,,
Keck Medicine of USC,USC/UKRO Kidney Research Center,6,21,1,0,,,Academic,no,https://keck2.usc.edu/usc-ukro-kidney-research-center/,,
Keck Medicine of USC,Alzheimer Disease Research Center,19,22,3,1,,,Academic,no,https://keck.usc.edu/cpbh/study-enrollment-hub/usc-alzheimers-disease-research-center/,,
Keck Medicine of USC,Anesthesiology,70,140,9,1,,,Academic,yes,,,
Keck Medicine of USC,Diabetes and Obesity Research Institute,17,13,5,1,,,Academic,no,https://usc-dori.org/,,
Keck Medicine of USC,Emergency Medicine,66,91,8,1,,,Academic,yes,,,
Keck Medicine of USC,Family Medicine,54,58,8,1,,,Academic,yes,,,
Keck Medicine of USC,Institute for Technology and Medical Systems Innovation,7,10,6,1,,,Academic,no,https://itemsusc.org/,,
Keck Medicine of USC,Medical Education,18,14,5,1,,,Academic,yes,,,
Keck Medicine of USC,Neurorestoration Center,22,36,16,1,,,Academic and Administrative,no,https://keck2.usc.edu/neurorestoration-center/,,
Keck Medicine of USC,Otolaryngology,87,161,81,1,,,Academic,yes,,,
Keck Medicine of USC,Physiology and Neuroscience,44,124,43,1,,,Academic,yes,,,
Keck Medicine of USC,Gehr Family Center for Health Systems Science,24,19,6,2,,,Academic and Administrative,no,https://keck.usc.edu/gehrcenter/,,
Keck Medicine of USC,Biochemistry and Molecular Medicine,41,133,66,3,,,Academic,yes,,,
Keck Medicine of USC,Institute of Prevention Research,48,44,30,3,,,Academic,no,https://sites.usc.edu/ipr/,,
Keck Medicine of USC,Neurological Surgery,96,181,59,3,,,Academic,yes,,,
Keck Medicine of USC,Research Center for Liver Diseases,27,33,7,3,,,Academic,no,"https://research.usc.edu/news/2021/10/research-center-for-liver-diseases/#:~:text=The%20USC%20Research%20Center%20for,pathobiology%20of%20diseases%20of%20the",,
Keck Medicine of USC,Integrative Anatomical Sciences,14,38,20,4,,,Academic,no,https://keck.usc.edu/integrative-anatomical-sciences/,,
Keck Medicine of USC,Pathology,125,280,61,4,,,Academic,yes,,,
Keck Medicine of USC,Radiology,156,221,69,4,,,Academic,yes,,,
Keck Medicine of USC,Hastings Center for Pulmonary Research,11,47,20,5,,,Academic,no,https://keck.usc.edu/hastings/,,
Keck Medicine of USC,Obstetrics and Gynecology,161,172,41,5,,,Academic,yes,,,
Keck Medicine of USC,Dermatology,77,110,18,6,,,Academic,yes,,,
Keck Medicine of USC,Eli and Edythe Broad Center for Regenerative Medicine and Stem Cell Research,13,112,55,6,,Stem Cell Biology and Regenerative Medicine,Academic,no,,,
Keck Medicine of USC,Ophthalmology,118,281,64,6,,,Academic,yes,,,
Keck Medicine of USC,Other,229,369,48,6,,,Academic and Administrative,no,,,
Keck Medicine of USC,Stem Cell Biology and Regenerative Medicine,25,218,87,7,,,Academic,yes,,,
Keck Medicine of USC,Psychiatry and Behavioral Sciences,108,136,45,8,,,Academic,yes,,,
Keck Medicine of USC,Zilkha Neurogenetic Institute (ZNI),53,182,84,8,,,Academic,no,https://keck.usc.edu/zilkha/,,
Keck Medicine of USC,Institute for Addiction Science (IAS),44,49,39,9,,,Academic,no,https://ias.usc.edu/,,
Keck Medicine of USC,LAC+USC Medical Center,166,236,37,9,,,Administrative,no,https://hcai.ca.gov/hospital/lacusc-medical-center/,,
Keck Medicine of USC,Molecular Microbiology and Immunology,77,186,27,10,,,Academic,yes,,,
Keck Medicine of USC,Neurology,144,228,56,11,,,Academic,yes,,,
Keck Medicine of USC,Urology,191,223,47,11,,,Academic,yes,,,
Keck Medicine of USC,Center for Genetic Epidemiology,60,67,21,13,,,Academic,no,,,
Keck Medicine of USC,Surgery,408,675,137,13,,,Academic,yes,,,
Keck Medicine of USC,Pediatrics,367,474,99,25,,,Academic,yes,,,
Keck Medicine of USC,Norris Comprehensive Cancer Center,390,693,165,35,,,Academic,no,https://keck.usc.edu/genetic-epidemiology-center/,,
Keck Medicine of USC,Children's Hospital Los Angeles,576,896,176,37,,,Academic and Administrative,no,,,
Keck Medicine of USC,Medicine,459,872,90,40,,,Academic,yes,,,
Keck Medicine of USC,Population and Public Health Sciences,624,540,350,154,,,Academic,yes,,,
Leonard Davis School of Gerontology,Agign Services Management,1,1,0,0,,Other,Academic,no,https://www.keckmedicine.org/,,
Leonard Davis School of Gerontology,Biology of Aging,2,5,2,0,,Other,Academic,no,,,
Leonard Davis School of Gerontology,Family Caregiver Support Center,1,1,1,0,,,Academic,no,,,
Leonard Davis School of Gerontology,Gerontology,8,7,3,0,,Other,Academic,no,,,
Leonard Davis School of Gerontology,"Nutrition, Healthspan and Longevity",1,1,0,0,,Other,Academic,no,,,
Leonard Davis School of Gerontology,Alzheimer Disease Research Center,19,22,3,1,,,Academic,no,,,
Leonard Davis School of Gerontology,Longevity Institute,20,20,3,1,,,Academic,no,,,
Leonard Davis School of Gerontology,USC-Buck Nathan Shock Center of Excellence in the Biology of Aging,6,22,7,1,,,Academic,no,,,
Leonard Davis School of Gerontology,Other,115,178,37,10,,,Academic and Administrative,no,,,
Leventhal School of Accounting,Leventhal School of Accounting,10,9,13,1,Marshall School of Business,,Academic,yes,,,
Libraries,Bioinformatics Services,2,3,1,0,,,Academic and Administrative,no,https://libraries.usc.edu/bioinformatics,,
Libraries,East Asian Library (EAL),0,0,1,0,,,Academic and Administrative,yes,,,
Libraries,Hoose Library of Philosophy,1,0,1,0,,,Academic and Administrative,yes,,,
Libraries,Leavey Library,0,0,1,0,,,Academic and Administrative,yes,,,
Libraries,Library for International and Public Affairs,1,1,1,0,,,Academic and Administrative,yes,,,
Libraries,Norris Medical Library,9,6,4,0,,,Academic and Administrative,yes,,,
Libraries,Other,1,3,3,0,,,Academic and Administrative,no,,,
Libraries,Seaver Science Library,1,1,0,0,,,Academic and Administrative,yes,,,
Libraries,Sidney Harman Academy for Polymathic Study,0,0,1,0,,,Academic and Administrative,no,https://polymathic.usc.edu/,,
Libraries,Web and Automation Technologies,0,0,1,0,,Other,Academic and Administrative,no,,,
Libraries,Wilson Dental Library,1,2,1,0,,,Academic and Administrative,yes,,,
Marshall School of Business,Business Administration,2,0,2,0,,Other,Academic,no,,,
Marshall School of Business,Business Analytics,0,0,1,0,,Data Sciences and Operations,Academic,no,,,
Marshall School of Business,Center for Effective Organizations,0,3,5,0,,,Academic and Administrative,no,https://ceo.usc.edu/about-ceo/,,
Marshall School of Business,Center for Global Innovation,0,1,1,0,,,Academic,no,,,
Marshall School of Business,Cognitive Science,1,0,0,0,Dornsife College of Letters Arts and Sciences,Psychology,Academic,no,,,
Marshall School of Business,Data Science,1,0,0,0,,Data Sciences and Operations,Academic,yes,,,
Marshall School of Business,Finance,2,0,0,0,,Finance and Business Economics,Academic,yes,,,
Marshall School of Business,Global Supply Chain Management Program,1,0,1,0,,Data Sciences and Operations,Academic,no,,,
Marshall School of Business,Institute for Outlier Research in Business,0,1,1,0,,,Academic,no,,,
Marshall School of Business,Marketing,7,14,16,0,,,Academic,yes,,,
Marshall School of Business,Master of Management in Library and Information Science,6,1,4,0,,,Academic,no,,,
Marshall School of Business,Medicine/Business Administration,1,0,0,0,,,Academic,no,,,
Marshall School of Business,Technology Commercialization,1,1,1,0,,Lloyd Greif Center for Entrepreneurial Studies,Academic,no,,,
Marshall School of Business,Business Communication,3,4,5,1,,,Academic,yes,,,
Marshall School of Business,Finance and Business Economics,19,16,16,1,,,Academic,yes,,,
Marshall School of Business,Lloyd Greif Center for Entrepreneurial Studies,7,5,4,1,,,Academic,yes,,,
Marshall School of Business,Management and Organization,15,20,22,1,,,Academic,yes,,,
Marshall School of Business,World Bachelor in Business Program,0,0,0,1,,Other,Academic,no,,,
Marshall School of Business,Data Sciences and Operations,19,30,34,3,,,Academic,yes,,,
Marshall School of Business,Other,22,35,39,3,,,Academic and Administrative,no,,,
Office of Professionalism and Ethics,Inclusion and Diversity Operations,1,0,0,0,NA,NA,Administrative,no,https://keck.usc.edu/faculty-search/joyce-m-richey/,Yes,"Wrong division for professor, correct to: department of Physiology and Biophysics at Keck School of Medicine of USC "
Office of the Provost,Center for Excellence in Teaching,0,1,0,0,,,Administrative,no,,,
Office of the Provost,Office of Institutional Research,0,1,0,0,,,Administrative,no,,,
Other,Annenberg School for Communication and Journalism,0,1,0,0,Annenberg School for Communication and Journalism,Other,Academic,no,,,
Other,Other,405,773,686,51,,,Academic and Administrative,no,,,
Price School of Public Policy,Bedrosian Center on Governance,1,1,1,0,,,Academic,no,https://bedrosian.usc.edu/about-2/,,
Price School of Public Policy,"Center for Health Financing, Policy and Management",2,2,2,0,,,Academic and Administrative,no,https://sites.usc.edu/improvinghealth/,,
Price School of Public Policy,Center for Inclusive Democracy,1,1,0,0,,,Academic,no,https://cid.usc.edu/,,
Price School of Public Policy,Center on Philanthropy and Public Policy,0,0,1,0,,,Academic,no,https://cppp.usc.edu/,,
Price School of Public Policy,Health Policy and Management,13,14,4,0,,,Academic,yes,,,
Price School of Public Policy,Lusk Center for Real Estate,0,2,1,0,,Wilbur H. Smith III Department of Real Estate Development,Academic,no,,,
Price School of Public Policy,Master of Health Administration,0,2,0,0,,Health Policy and Management,Academic,no,,,
Price School of Public Policy,Population Dynamics Research Group,2,2,1,0,,,Academic,no,https://sites.usc.edu/popdynamics/,,
Price School of Public Policy,Safe Communities Institute,0,1,1,0,,,Academic,no,https://sci.usc.edu/,,
Price School of Public Policy,Sol Price Center for Social Innovation,1,0,1,0,,,Academic,no,https://priceschool.usc.edu/research/centers/usc-sol-price-center-for-social-innovation/,,
Price School of Public Policy,Sol Price School of Public Policy,1,1,0,0,,Other,Academic,no,,,
Price School of Public Policy,Transportation Systems Management,0,1,0,0,Viterbi School of Engineering,Civil and Environmental Engineering,Academic,no,,,
Price School of Public Policy,Urban Studies and Planning,0,1,0,0,,Urban Planning and Spatial Analysis,Academic,no,,,
Price School of Public Policy,Wilbur H. Smith III Department of Real Estate Development,1,0,1,0,,,Academic,yes,,,
Price School of Public Policy,METRANS Transportation Center,1,1,0,1,,Urban Planning and Spatial Analysis,Academic and Administrative,no,https://www.metrans.org/,,
Price School of Public Policy,Public Policy and Management,6,2,4,1,,,Academic,yes,,,
Price School of Public Policy,Sustainable Policy and Planning,0,0,0,1,,Urban Planning and Spatial Analysis,Academic,no,,,
Price School of Public Policy,Leonard D. Schaeffer Center for Health Policy and Economics,106,88,20,2,,,Academic,no,https://healthpolicy.usc.edu/,,
Price School of Public Policy,Center for Risk and Economic Analysis of Threats and Emergencies (CREATE),13,9,6,3,,,Academic,no,"https://create.usc.edu/overview/#:~:text=CREATE%20serves%20our%20nation%20through,risks%20and%20respond%20to%20emergencies.",,
Price School of Public Policy,Schwarzenegger Institute for State and Global Policy,2,2,2,3,,,Academic,no,https://schwarzenegger.usc.edu/about-the-institute/,,
Price School of Public Policy,Other,40,30,19,10,,,Academic and Administrative,no,,,
Price School of Public Policy,Urban Planning and Spatial Analysis,14,11,2,11,,,Academic,yes,,,
Provost's Office,Provost Office Of Religious Life,0,0,1,0,Office of the Provost,,Administrative,no,https://orsl.usc.edu/,,
Roski School of Art and Design,Performance Studies,0,0,1,0,,Other,Academic,no,https://roski.usc.edu/,,
Roski School of Art and Design,Roski 4D,0,0,1,0,,,Academic,no,https://roski.usc.edu/,,
Rossier School of Education,"Center for Affective Neuroscience, Development, Learning and Education",4,3,4,0,,,Academic,no,https://rossier.usc.edu/,,
Rossier School of Education,"Center for Education, Identity and Social Justice",4,4,3,0,,,Academic,no,https://socialjustice.usc.edu/,,
Rossier School of Education,"Center for Enrollment Research, Policy and Practice",0,1,1,0,,,Academic,no,https://cerpp.usc.edu/,,
Rossier School of Education,"Center on Education Policy, Equity and Governance",2,1,1,0,,,Academic,no,https://cepeg.usc.edu/,,
Rossier School of Education,Evaluation,0,0,1,0,,Education,Academic,no,,,
Rossier School of Education,Masters Programs,0,0,2,0,,Education,Academic,no,,,
Rossier School of Education,Ph.D Program,1,1,0,0,,Education,Academic,no,,,
Rossier School of Education,Phd in Urban Education Program,3,4,2,0,,Education,Academic,no,https://rossier.usc.edu/documents/phd-program-rename,,
Rossier School of Education,Pullias Center for Higher Education,13,15,14,0,,,Academic,no,https://pullias.usc.edu/,,
Rossier School of Education,Race and Equity Center,5,2,2,0,,,Academic and Administrative,no,https://race.usc.edu/,,
Rossier School of Education,Teaching English to Speakers of Other Languages,0,0,2,0,,Education,Academic,no,https://rossier.usc.edu/programs/find-compare-programs/master-arts-teaching-teaching-english-speakers-other-languages,,
Rossier School of Education,Education,16,16,14,1,,Education,Academic,no,,,
Rossier School of Education,Other,33,39,32,4,,Education,Academic,no,,,
School of Architecture,Landscape Justice Initiative,0,0,0,1,,,Academic,no,https://sites.usc.edu/landscape-justice-initiative/,,
School of Architecture,Architecture,5,2,2,3,,School of Architecture,Academic,yes,https://arch.usc.edu/,,
School of Architecture,USC School of Architecture All Departments,2,2,8,5,,Other,Academic,no,,,
School of Architecture,Other,1,3,1,7,,,Academic and Administrative,no,,,
School of Cinematic Arts,Cinema and Media Studies,3,4,10,0,,,Academic,yes,https://cinema.usc.edu/faculty/facultydirectory.cfm,,
School of Cinematic Arts,Cinematic Interactive Media,1,0,1,0,,Interactive Media and Games Division,Academic,no,https://cinema.usc.edu/faculty/facultydirectory.cfm,,
School of Cinematic Arts,Creative Media and Behavioral Health Center,2,6,2,0,,,Academic,no,https://cinema.usc.edu/faculty/facultydirectory.cfm,,
School of Cinematic Arts,Entertainment Technology Center,0,1,1,0,,,Academic,no,https://cinema.usc.edu/faculty/facultydirectory.cfm,,
School of Cinematic Arts,Film and Television Production,0,0,1,0,,,Academic,yes,https://cinema.usc.edu/faculty/facultydirectory.cfm,,
School of Cinematic Arts,Interactive Media and Games Division,1,6,2,0,,,Academic,yes,https://cinema.usc.edu/faculty/facultydirectory.cfm,,
School of Cinematic Arts,John C. Hench Division of Animation + Digital Arts,0,0,1,0,,,Academic,yes,https://cinema.usc.edu/faculty/facultydirectory.cfm,,
School of Cinematic Arts,John Wells Division of Writing for Screen and Television,0,1,0,0,,,Academic,yes,https://cinema.usc.edu/faculty/facultydirectory.cfm,,
School of Cinematic Arts,Media Arts + Practice Division,1,1,5,0,,,Academic,yes,https://cinema.usc.edu/faculty/facultydirectory.cfm,,
School of Cinematic Arts,Other,2,6,16,0,,,,no,https://cinema.usc.edu/faculty/facultydirectory.cfm,,
School of Cinematic Arts,Performance Studies,0,0,1,0,Roski School of Art and Design,Other,Academic,no,https://cinema.usc.edu/faculty/facultydirectory.cfm,,
Suzanne Dworak-Peck School of Social Work,Center for Innovation and Research on Veterans and Military Families,8,8,8,0,,,Academic,no,https://military.usc.edu/research/center-for-innovation-and-research-on-veterans-and-military-families/,,
Suzanne Dworak-Peck School of Social Work,Enhanced Interdisciplinary Research Training Institute,1,0,0,0,,,Academic,no,http://www.irtiusc.org/,,
Suzanne Dworak-Peck School of Social Work,Hamovitch Research Center,2,2,1,0,,,Academic,no,https://dworakpeck.usc.edu/research/administration-center,,
Suzanne Dworak-Peck School of Social Work,Nursing,8,7,2,0,,Nursing,Academic,yes,https://dworakpeck.usc.edu/departments,,
Suzanne Dworak-Peck School of Social Work,Nursing (Family Nurse Practitioner) - On Line,0,1,0,0,,Nursing,Academic,no,,,
Suzanne Dworak-Peck School of Social Work,Social Change and Innovation,1,1,1,0,,,Academic,yes,,,
Suzanne Dworak-Peck School of Social Work,Suzanne Dworak-Peck School of Social Work,1,0,0,0,,Other,Academic,no,,,
Suzanne Dworak-Peck School of Social Work,Adult Mental Health and Wellness,2,1,1,1,,,Academic,yes,,,
Suzanne Dworak-Peck School of Social Work,Children's Data Network,12,6,7,1,,,Academic,no,https://www.datanetwork.org/,,
Suzanne Dworak-Peck School of Social Work,Edward R. Roybal Institute on Aging,22,14,8,2,,,Academic,no,https://roybal.usc.edu/,,
Suzanne Dworak-Peck School of Social Work,Social Work,11,8,10,5,,Other,Academic,no,,,
Suzanne Dworak-Peck School of Social Work,"Children, Youth and Families",12,10,8,6,,,Academic,yes,,,
Suzanne Dworak-Peck School of Social Work,Center for Artificial Intelligence in Society (CAIS),16,15,23,9,,,Academic,no,https://cais.usc.edu/,,
Suzanne Dworak-Peck School of Social Work,Institute for Addiction Science (IAS),44,49,39,9,,,Academic,no,https://ias.usc.edu/,,
Suzanne Dworak-Peck School of Social Work,Other,114,62,21,12,,,Academic,no,,,
Thornton School of Music,Music Teaching and Learning,3,4,3,0,,,Academic,yes,https://music.usc.edu/departments/music-teaching-learning/,,
Thornton School of Music,Other,1,2,4,0,,,Academic and Administrative,no,,,
University of Southern California,Unclassifiable - Undergraduate Visitor,0,1,0,0,Other,Other,Academic,no,,,
University Relations,Neighborhood Academic Initiative,3,0,0,0,,,Administrative,no,https://communities.usc.edu/educational-partnerships/nai/,,
USC Office of Research and Innovation,Office of Research and Innovation,0,1,0,0,,,Administrative,no,https://research.usc.edu/,,
Viterbi School of Engineering,Center for Neural Engineering,4,3,3,0,,,Academic,no,https://cne.usc.edu/about/,,
Viterbi School of Engineering,Center for Quantum Information Science and Technology (CQIST),4,7,34,0,,Electrical and Computer Engineering,Academic,no,https://sites.usc.edu/cqist/,,
Viterbi School of Engineering,Center for Systems and Software Engineering,0,5,7,0,,Computer Science,Academic,no,,,
Viterbi School of Engineering,Cognitive Science,1,0,0,0,Dornsife College of Letters Arts and Sciences,Psychology,Academic,no,,,
Viterbi School of Engineering,Data Science,1,0,0,0,,Computer Science,Academic,no,,,
Viterbi School of Engineering,Dornsife/Viterbi Machine Shop,0,1,0,0,,Other,Administrative,no,https://viterbischool.usc.edu/research/research-resources-and-programs/shared-research-infrastructure/viterbi-dornsife-machine-shop/,,
Viterbi School of Engineering,Engineering Education,1,0,1,0,,,Academic,no,https://viterbischool.usc.edu/division-of-engineering-education/,,
Viterbi School of Engineering,Engineering in Society,1,0,0,0,,Engineering in Society,Academic and Administrative,no,https://eis.usc.edu/about/,,
Viterbi School of Engineering,Engineering in Society Program,0,1,3,0,,Engineering in Society,Academic and Administrative,no,,,
Viterbi School of Engineering,Information Technology Program,0,2,1,0,,,Academic,no,https://tac.usc.edu/,,
Viterbi School of Engineering,Institute for Future of Computing,0,0,1,0,,,Academic,no,https://ifcomputing.org/,,
Viterbi School of Engineering,Office of Doctoral Programs,0,1,1,0,,Other,Administrative,no,,,
Viterbi School of Engineering,Technology Innovation and Entrepreneurship,1,0,1,0,,,Academic and Administrative,no,https://viterbiinnovation.usc.edu/about/mission/,,
Viterbi School of Engineering,Transportation Systems Management,0,1,0,0,,Civil and Environmental Engineering,Academic,no,,,
Viterbi School of Engineering,Urban Studies and Planning,0,1,0,0,,Urban Planning and Spatial Analysis,Academic,no,,,
Viterbi School of Engineering,Core Center of Excellence in Nano Imaging (CNI),1,13,16,1,,,Academic,no,https://cni.usc.edu/,,
Viterbi School of Engineering,Institute for Creative Technologies,53,82,99,1,,,Academic,no,,,
Viterbi School of Engineering,Signal and Information Processing Institute (SIPI),17,27,29,2,,Electrical and Computer Engineering,Academic,no,,,
Viterbi School of Engineering,Center for Risk and Economic Analysis of Threats and Emergencies (CREATE),13,9,6,3,,,Academic,no,"https://create.usc.edu/overview/#:~:text=CREATE%20serves%20our%20nation%20through,risks%20and%20respond%20to%20emergencies.",,
Viterbi School of Engineering,Center for Advanced Manufacturing (CAM),13,52,28,4,,,Academic,no,https://sites.usc.edu/cam/,,
Viterbi School of Engineering,Robotics and Autonomous Systems Center (RASC),46,80,65,4,,,Academic,no,https://rasc.usc.edu/about/,,
Viterbi School of Engineering,Gill Foundation Composites Center,0,9,18,5,,,Academic,no,https://composites.usc.edu/,,
Viterbi School of Engineering,Integrated Media Systems Center,5,11,9,7,,,Academic,no,https://imsc.usc.edu/,,
Viterbi School of Engineering,Collaboratory for Advanced Computing and Simulations,0,18,26,8,,,Academic,no,https://sites.usc.edu/cacs/,,
Viterbi School of Engineering,Center for Artificial Intelligence in Society (CAIS),16,15,23,9,,,Academic,no,https://cais.usc.edu/about/mission-statement/,,
Viterbi School of Engineering,Biomedical Engineering,180,339,182,12,,,Academic,yes,,,
Viterbi School of Engineering,Industrial and Systems Engineering,31,61,68,12,,,Academic,yes,,,
Viterbi School of Engineering,Other,52,59,67,12,,,Academic and Administrative,no,,,
Viterbi School of Engineering,Aerospace and Mechanical Engineering,55,149,176,19,,,Academic,yes,,,
Viterbi School of Engineering,Astronautical Engineering,18,38,37,22,,,Academic,yes,,,
Viterbi School of Engineering,Information Sciences Institute,124,229,288,33,,,Academic,no,,,
Viterbi School of Engineering,Computer Science,175,416,466,52,,,Academic,yes,https://www.isi.edu/,,
Viterbi School of Engineering,Chemical Engineering and Materials Science,51,208,241,55,,,Academic,yes,,,
Viterbi School of Engineering,Electrical and Computer Engineering,191,556,728,74,,,Academic,yes,,,
Viterbi School of Engineering,Civil and Environmental Engineering,64,124,115,87,,,Academic,yes,,,
Dornsife College of Letters Arts and Sciences,Institute for Advanced Catholic Studies,,,,,,,,,,,
Rossier School of Education,Center for Empowered Learning and Development with Technology,,,,,,,,,,,
Price School of Public Policy,Civic Leadership Education and Research Initiative,,,,,,,,,,,
Annenberg School for Communication and Journalism,Center on Public Diplomacy,,,,,,,,,,,
Dornsife College of Letters Arts and Sciences,Center for International Studies,,,,,,,,,,,
Dornsife College of Letters Arts and Sciences,Archaeology Research Center,,,,,,,,,,,
Leonard Davis School of Gerontology,USC/UCLA Center on Biodemography and Population Health,,,,,,,,,,,